S.No,DTG,MMSI,IMO,Name,Flag,Type,Position,LPOC,Last Port Country,NPOC,Next Port Country,CO/SPD,Source
1,"Oct 31st 2023, 5:51:38 PM",636022914,9633020,SUNFLOWER,Liberia,Cargo Vessels,Lat:24.55779/Lon:66.55205,MESAIEED,-,PORT QASIM,-,93/12.8,SAT AIS
2,"Oct 31st 2023, 5:38:48 PM",538008492,9878345,LIBRA CONFIDENCE,Marshall Islands,Cargo Vessels,Lat:24.53615/Lon:66.68711,KARACHI,-,JAKHAU,-,265/0.5,SAT AIS
3,"Oct 31st 2023, 5:37:21 PM",352631000,9345427,COSCO AMERICA,Panama,Cargo Vessels,Lat:24.44933/Lon:66.94923,JEDDAH,-,PORT QASIM,-,47/0.2,SAT AIS
4,"Oct 31st 2023, 5:03:11 PM",414362000,9450935,REN JIAN 25,China,Cargo Vessels,Lat:24.56694/Lon:66.85356,NHAVA SHEVA,-,KARACHI,-,36/11.6,SAT AIS
5,"Oct 31st 2023, 3:36:25 PM",372988000,9285756,BLACK PANTHER,Panama,Tankers,Lat:24.72341/Lon:66.56628,JEBEL ALI,-,KARACHI,-,90/14,SAT AIS
6,"Oct 31st 2023, 2:07:12 PM",636018950,9221671,ELZA,Liberia,Tankers,Lat:24.63109/Lon:66.74492,JEBEL ALI,-,KARACHI,-,61/7.8,SAT AIS
7,"Oct 31st 2023, 10:39:11 AM",636093155,9229829,DALIAN EXPRESS,Liberia,Cargo Vessels,Lat:23.93634/Lon:67.00383,KARACHI,-,NHAVA SHEVA,-,159/17.4,SAT AIS
