Country,StatusSymbol,StatusSymbolRemarks,StatusSymbolAssignedTime,TrackNumber,Lat,Lon,Speed,Course,Timestamp,Imo,LastPort,NextPortName,TrackType,ShipTypeName,TrackLabel
Pakistan,,,,463034101,25.2554,55.26973,0,203,2023-10-3 18:44,9270555,,,SAT AIS,Tankers,QUETTA
Pakistan,,,,463036101,25.2516,55.26543,0,18,2023-10-3 18:44,9277541,,,SAT AIS,Tankers,LAHORE
Pakistan,,,,463037101,22.15327,91.78183,0,245,2023-10-3 18:40,9272876,,,SAT AIS,Cargo Vessels,CHITRAL
Pakistan,,,,463041101,-25.98977,-32.73364,11.7,266,2023-10-3 18:52,9304198,,,SAT AIS,Cargo Vessels,MALAKAND
Pakistan,,,,463042101,1.743333,102.5567,10,120,2023-10-3 18:41,9278789,,,SAT AIS,Cargo Vessels,HYDERABAD
Pakistan,,,,463043101,-33.60917,27.8664,12.7,244,2023-10-3 18:43,9519224,KANDLA,PORT LOUIS,SAT AIS,Cargo Vessels,SIBI
Pakistan,,,,463046101,38.89727,118.3956,0,0,2023-10-3 18:44,9241671,,,SAT AIS,Tugs and Special Craft,MULTAN
Pakistan,1,,2023-9-26 15:50,463047101,24.8127,66.97441,0,35,2023-10-3 18:45,9336842,RAS TANURA,KARACHI,SAT AIS,Tankers,SHALAMAR
Pakistan,,,,463064101,27.0871,49.71832,0,236,2023-10-3 18:43,9594884,,,SAT AIS,Tankers,BOLAN
Pakistan,,,,463065101,29.22833,49.06049,0,130,2023-10-3 18:42,9594872,,,SAT AIS,Tankers,KHAIRPUR
